{
  "rmse": 0.15801473141911662,
  "mae": 0.11065339137481243,
  "r2": 0.4638852275650044,
  "f1_anomaly": 1.0,
  "best_params": {
    "depth": 7,
    "learning_rate": 0.04037455014911486,
    "l2_leaf_reg": 0.014568422741827299,
    "bagging_temperature": 4.767193695878384,
    "border_count": 195
  }
}
